time,date,latitude,longitude,speed_knots,heading_deg
092549.000,250212,49.208486666666666,17.603801666666666,4.57,264.8
092656.000,250212,49.20840333333334,17.600576666666665,2.28,273.76
092754.000,250212,49.20906333333333,17.599291666666666,7.5,352.13
092854.000,250212,49.209538333333334,17.596486666666667,9.93,248.72
092954.000,250212,49.20933333333333,17.594933333333334,5.31,289.13
093054.000,250212,49.20868166666666,17.591665,5.83,176.62
093154.000,250212,49.20792,17.587695,6.86,315.91
093254.000,250212,49.20715666666667,17.585056666666667,6.05,162.37
093354.000,250212,49.20543,17.585955,1.63,118.77
093454.000,250212,49.204858333333334,17.583228333333334,3.67,239.26
093554.000,250212,49.20395166666667,17.581403333333334,6.38,152.16
093653.000,250212,49.202855,17.580601666666666,0.08,80.36
093757.000,250212,49.20277166666666,17.580351666666665,6.36,260.02
093857.000,250212,49.202405,17.577453333333334,6.75,264.28
093957.000,250212,49.20220166666667,17.575136666666666,0.0,279.25
094158.000,250212,49.20272,17.57252,6.91,275.67
094259.000,250212,49.20256333333333,17.568763333333333,8.74,267.39
094359.000,250212,49.20236333333333,17.565181666666668,8.56,249.83
094500.000,250212,49.20194166666667,17.5619,7.13,264.92
094700.000,250212,49.20108833333333,17.555021666666665,5.18,257.95
094800.000,250212,49.19996833333333,17.552061666666667,8.93,248.06
094900.000,250212,49.19859833333334,17.548943333333334,7.79,192.95
095000.000,250212,49.19704333333333,17.546348333333334,8.65,255.89
095100.000,250212,49.1964,17.545393333333333,1.62,340.64
095200.000,250212,49.19643666666666,17.545023333333333,0.83,141.44
095300.000,250212,49.19627,17.545735,0.55,310.8
095400.000,250212,49.196403333333336,17.545201666666667,0.46,109.72
095500.000,250212,49.19672166666667,17.544721666666668,2.92,26.96
095559.000,250212,49.19696166666667,17.543568333333333,4.94,273.76
095659.000,250212,49.196875,17.541293333333332,6.66,259.43
095759.000,250212,49.195835,17.543263333333332,2.93,326.78
